Reviewer Name,Track,Paper Name,Author Name
Test Human,Test Track 1,Test Paper 5,Test Human
Test Human,Test Track 1,Test Paper 9,Test Human
Test Human,Test Track 1,Test Paper 13,Test Human
Test Human,Test Track 1,Test Paper 17,Test Human
Test Human,Test Track 1,Test Paper 1,Test Human
Test Human,Test Track 1,Test Paper 9,Test Human
Test Human,Test Track 1,Test Paper 1,Test Human
Test Human,Test Track 1,Test Paper 5,Test Human
Test Human,Test Track 1,Test Paper 13,Test Human
Test Human,Test Track 1,Test Paper 17,Test Human
Test Human,Test Track 2,Test Paper 6,Test Human
Test Human,Test Track 2,Test Paper 14,Test Human
Test Human,Test Track 2,Test Paper 10,Test Human
Test Human,Test Track 2,Test Paper 18,Test Human
Test Human,Test Track 2,Test Paper 18,Test Human
Test Human,Test Track 2,Test Paper 2,Test Human
Test Human,Test Track 2,Test Paper 14,Test Human
Test Human,Test Track 2,Test Paper 2,Test Human
Test Human,Test Track 2,Test Paper 10,Test Human
Test Human,Test Track 2,Test Paper 6,Test Human
Test Human,Test Track 3,Test Paper 3,Test Human
Test Human,Test Track 3,Test Paper 7,Test Human
Test Human,Test Track 3,Test Paper 15,Test Human
Test Human,Test Track 3,Test Paper 11,Test Human
Test Human,Test Track 3,Test Paper 19,Test Human
Test Human,Test Track 3,Test Paper 11,Test Human
Test Human,Test Track 3,Test Paper 19,Test Human
Test Human,Test Track 3,Test Paper 3,Test Human
Test Human,Test Track 3,Test Paper 7,Test Human
Test Human,Test Track 3,Test Paper 15,Test Human
Test Human,Test Track 4,Test Paper 4,Test Human
Test Human,Test Track 4,Test Paper 8,Test Human
Test Human,Test Track 4,Test Paper 12,Test Human
Test Human,Test Track 4,Test Paper 16,Test Human
Test Human,Test Track 4,Test Paper 20,Test Human
Test Human,Test Track 4,Test Paper 12,Test Human
Test Human,Test Track 4,Test Paper 16,Test Human
Test Human,Test Track 4,Test Paper 20,Test Human
Test Human,Test Track 4,Test Paper 4,Test Human
Test Human,Test Track 4,Test Paper 8,Test Human
